Class	Name
0	/mnt/Data/FaceData/Villatel_cropped_center/ASE-001/1607398448933536.png
0	/mnt/Data/FaceData/Villatel_cropped_center/ASE-001/1607398448985474.png
0	/mnt/Data/FaceData/Villatel_cropped_center/ASE-001/1607398449186782.png
0	/mnt/Data/FaceData/Villatel_cropped_center/ASE-001/1607398449595098.png
1	/mnt/Data/FaceData/Villatel_cropped_center/ASE-002/1607398424841738.png
1	/mnt/Data/FaceData/Villatel_cropped_center/ASE-002/1607398424949301.png
1	/mnt/Data/FaceData/Villatel_cropped_center/ASE-002/1607398425050794.png
1	/mnt/Data/FaceData/Villatel_cropped_center/ASE-002/1607398425100499.png
1	/mnt/Data/FaceData/Villatel_cropped_center/ASE-002/1607398425149991.png
1	/mnt/Data/FaceData/Villatel_cropped_center/ASE-002/1607398425199147.png
1	/mnt/Data/FaceData/Villatel_cropped_center/ASE-002/1607398425249048.png
1	/mnt/Data/FaceData/Villatel_cropped_center/ASE-002/1607398425300027.png
1	/mnt/Data/FaceData/Villatel_cropped_center/ASE-002/1607398425397592.png
1	/mnt/Data/FaceData/Villatel_cropped_center/ASE-002/1607398425446967.png
1	/mnt/Data/FaceData/Villatel_cropped_center/ASE-002/1607398425497082.png
1	/mnt/Data/FaceData/Villatel_cropped_center/ASE-002/1607398425595812.png
1	/mnt/Data/FaceData/Villatel_cropped_center/ASE-002/1607398425646126.png
1	/mnt/Data/FaceData/Villatel_cropped_center/ASE-002/1607398425844677.png
1	/mnt/Data/FaceData/Villatel_cropped_center/ASE-002/1607398425950008.png
1	/mnt/Data/FaceData/Villatel_cropped_center/ASE-002/1607398426048903.png
1	/mnt/Data/FaceData/Villatel_cropped_center/ASE-002/1607398426099204.png
2	/mnt/Data/FaceData/Villatel_cropped_center/ASE-003/1607398436904692.png
2	/mnt/Data/FaceData/Villatel_cropped_center/ASE-003/1607398436955165.png
2	/mnt/Data/FaceData/Villatel_cropped_center/ASE-003/1607398437006545.png
2	/mnt/Data/FaceData/Villatel_cropped_center/ASE-003/1607398437156838.png
2	/mnt/Data/FaceData/Villatel_cropped_center/ASE-003/1607398437257668.png
2	/mnt/Data/FaceData/Villatel_cropped_center/ASE-003/1607398437308083.png
2	/mnt/Data/FaceData/Villatel_cropped_center/ASE-003/1607398437606488.png
2	/mnt/Data/FaceData/Villatel_cropped_center/ASE-003/1607398437656252.png
2	/mnt/Data/FaceData/Villatel_cropped_center/ASE-003/1607398437758090.png
2	/mnt/Data/FaceData/Villatel_cropped_center/ASE-003/1607398437861943.png
3	/mnt/Data/FaceData/Villatel_cropped_center/ASE-004/1607398475733587.png
3	/mnt/Data/FaceData/Villatel_cropped_center/ASE-004/1607398475943836.png
3	/mnt/Data/FaceData/Villatel_cropped_center/ASE-004/1607398476102230.png
3	/mnt/Data/FaceData/Villatel_cropped_center/ASE-004/1607398476158344.png
4	/mnt/Data/FaceData/Villatel_cropped_center/ASE-005/1607398366848556.png
4	/mnt/Data/FaceData/Villatel_cropped_center/ASE-005/1607398366927688.png
4	/mnt/Data/FaceData/Villatel_cropped_center/ASE-005/1607398366966028.png
4	/mnt/Data/FaceData/Villatel_cropped_center/ASE-005/1607398367431714.png
4	/mnt/Data/FaceData/Villatel_cropped_center/ASE-005/1607398367469877.png
4	/mnt/Data/FaceData/Villatel_cropped_center/ASE-005/1607398367668123.png
4	/mnt/Data/FaceData/Villatel_cropped_center/ASE-005/1607398367746982.png
5	/mnt/Data/FaceData/Villatel_cropped_center/ASE-006/1607398379969683.png
5	/mnt/Data/FaceData/Villatel_cropped_center/ASE-006/1607398380012873.png
5	/mnt/Data/FaceData/Villatel_cropped_center/ASE-006/1607398380232041.png
5	/mnt/Data/FaceData/Villatel_cropped_center/ASE-006/1607398380317542.png
5	/mnt/Data/FaceData/Villatel_cropped_center/ASE-006/1607398380361664.png
5	/mnt/Data/FaceData/Villatel_cropped_center/ASE-006/1607398380486515.png
5	/mnt/Data/FaceData/Villatel_cropped_center/ASE-006/1607398380528358.png
5	/mnt/Data/FaceData/Villatel_cropped_center/ASE-006/1607398380572575.png
5	/mnt/Data/FaceData/Villatel_cropped_center/ASE-006/1607398380615458.png
5	/mnt/Data/FaceData/Villatel_cropped_center/ASE-006/1607398380700621.png
5	/mnt/Data/FaceData/Villatel_cropped_center/ASE-006/1607398380743514.png
5	/mnt/Data/FaceData/Villatel_cropped_center/ASE-006/1607398380786112.png
5	/mnt/Data/FaceData/Villatel_cropped_center/ASE-006/1607398380830298.png
5	/mnt/Data/FaceData/Villatel_cropped_center/ASE-006/1607398380914989.png
5	/mnt/Data/FaceData/Villatel_cropped_center/ASE-006/1607398380959243.png
6	/mnt/Data/FaceData/Villatel_cropped_center/ASE-007/1607398398502589.png
6	/mnt/Data/FaceData/Villatel_cropped_center/ASE-007/1607398398858775.png
6	/mnt/Data/FaceData/Villatel_cropped_center/ASE-007/1607398398910777.png
6	/mnt/Data/FaceData/Villatel_cropped_center/ASE-007/1607398399023359.png
6	/mnt/Data/FaceData/Villatel_cropped_center/ASE-007/1607398399078228.png
7	/mnt/Data/FaceData/Villatel_cropped_center/ASE-008/1607398474529294.png
7	/mnt/Data/FaceData/Villatel_cropped_center/ASE-008/1607398474583644.png
7	/mnt/Data/FaceData/Villatel_cropped_center/ASE-008/1607398474944271.png
7	/mnt/Data/FaceData/Villatel_cropped_center/ASE-008/1607398475149776.png
8	/mnt/Data/FaceData/Villatel_cropped_center/ASE-009/1607398408799354.png
8	/mnt/Data/FaceData/Villatel_cropped_center/ASE-009/1607398409026960.png
8	/mnt/Data/FaceData/Villatel_cropped_center/ASE-009/1607398409475497.png
8	/mnt/Data/FaceData/Villatel_cropped_center/ASE-009/1607398409697582.png
8	/mnt/Data/FaceData/Villatel_cropped_center/ASE-009/1607398409809771.png
8	/mnt/Data/FaceData/Villatel_cropped_center/ASE-009/1607398409924818.png
8	/mnt/Data/FaceData/Villatel_cropped_center/ASE-009/1607398410038865.png
8	/mnt/Data/FaceData/Villatel_cropped_center/ASE-009/1607398410377182.png
9	/mnt/Data/FaceData/Villatel_cropped_center/ASE-010/1607398368212058.png
9	/mnt/Data/FaceData/Villatel_cropped_center/ASE-010/1607398368321116.png
9	/mnt/Data/FaceData/Villatel_cropped_center/ASE-010/1607398368750096.png
9	/mnt/Data/FaceData/Villatel_cropped_center/ASE-010/1607398368967924.png
9	/mnt/Data/FaceData/Villatel_cropped_center/ASE-010/1607398369075275.png
9	/mnt/Data/FaceData/Villatel_cropped_center/ASE-010/1607398369183633.png
9	/mnt/Data/FaceData/Villatel_cropped_center/ASE-010/1607398369292656.png
9	/mnt/Data/FaceData/Villatel_cropped_center/ASE-010/1607398369401034.png
9	/mnt/Data/FaceData/Villatel_cropped_center/ASE-010/1607398369724060.png
10	/mnt/Data/FaceData/Villatel_cropped_center/ASE-011/1607398384165896.png
10	/mnt/Data/FaceData/Villatel_cropped_center/ASE-011/1607398384278118.png
10	/mnt/Data/FaceData/Villatel_cropped_center/ASE-011/1607398384665088.png
10	/mnt/Data/FaceData/Villatel_cropped_center/ASE-011/1607398384776113.png
10	/mnt/Data/FaceData/Villatel_cropped_center/ASE-011/1607398385114294.png
10	/mnt/Data/FaceData/Villatel_cropped_center/ASE-011/1607398385228005.png
10	/mnt/Data/FaceData/Villatel_cropped_center/ASE-011/1607398385681266.png
10	/mnt/Data/FaceData/Villatel_cropped_center/ASE-011/1607398386134853.png
10	/mnt/Data/FaceData/Villatel_cropped_center/ASE-011/1607398386248152.png
10	/mnt/Data/FaceData/Villatel_cropped_center/ASE-011/1607398386361389.png
10	/mnt/Data/FaceData/Villatel_cropped_center/ASE-011/1607398386587825.png
10	/mnt/Data/FaceData/Villatel_cropped_center/ASE-011/1607398386816243.png
10	/mnt/Data/FaceData/Villatel_cropped_center/ASE-011/1607398386931327.png
10	/mnt/Data/FaceData/Villatel_cropped_center/ASE-011/1607398387044946.png
10	/mnt/Data/FaceData/Villatel_cropped_center/ASE-011/1607398387157992.png
10	/mnt/Data/FaceData/Villatel_cropped_center/ASE-011/1607398387272139.png
11	/mnt/Data/FaceData/Villatel_cropped_center/ASE-012/1607398438016045.png
11	/mnt/Data/FaceData/Villatel_cropped_center/ASE-012/1607398438628490.png
11	/mnt/Data/FaceData/Villatel_cropped_center/ASE-012/1607398438679794.png
11	/mnt/Data/FaceData/Villatel_cropped_center/ASE-012/1607398438984570.png
11	/mnt/Data/FaceData/Villatel_cropped_center/ASE-012/1607398439135078.png
12	/mnt/Data/FaceData/Villatel_cropped_center/ASE-013/1607398447729542.png
12	/mnt/Data/FaceData/Villatel_cropped_center/ASE-013/1607398448030081.png
12	/mnt/Data/FaceData/Villatel_cropped_center/ASE-013/1607398448584241.png
12	/mnt/Data/FaceData/Villatel_cropped_center/ASE-013/1607398448833236.png
13	/mnt/Data/FaceData/Villatel_cropped_center/ASE-014/1607398461691712.png
13	/mnt/Data/FaceData/Villatel_cropped_center/ASE-014/1607398461741686.png
13	/mnt/Data/FaceData/Villatel_cropped_center/ASE-014/1607398461791639.png
13	/mnt/Data/FaceData/Villatel_cropped_center/ASE-014/1607398461841841.png
13	/mnt/Data/FaceData/Villatel_cropped_center/ASE-014/1607398462039903.png
13	/mnt/Data/FaceData/Villatel_cropped_center/ASE-014/1607398462240880.png
13	/mnt/Data/FaceData/Villatel_cropped_center/ASE-014/1607398462291090.png
13	/mnt/Data/FaceData/Villatel_cropped_center/ASE-014/1607398462344691.png
13	/mnt/Data/FaceData/Villatel_cropped_center/ASE-014/1607398462603111.png
13	/mnt/Data/FaceData/Villatel_cropped_center/ASE-014/1607398462803574.png
13	/mnt/Data/FaceData/Villatel_cropped_center/ASE-014/1607398462953153.png
13	/mnt/Data/FaceData/Villatel_cropped_center/ASE-014/1607398463056251.png
13	/mnt/Data/FaceData/Villatel_cropped_center/ASE-014/1607398463107236.png
14	/mnt/Data/FaceData/Villatel_cropped_center/ASE-015/1607398411788726.png
14	/mnt/Data/FaceData/Villatel_cropped_center/ASE-015/1607398411839467.png
14	/mnt/Data/FaceData/Villatel_cropped_center/ASE-015/1607398411893534.png
15	/mnt/Data/FaceData/Villatel_cropped_center/BDS-001/1607398477122977.png
15	/mnt/Data/FaceData/Villatel_cropped_center/BDS-001/1607398477223768.png
15	/mnt/Data/FaceData/Villatel_cropped_center/BDS-001/1607398477324345.png
15	/mnt/Data/FaceData/Villatel_cropped_center/BDS-001/1607398477624549.png
15	/mnt/Data/FaceData/Villatel_cropped_center/BDS-001/1607398477676309.png
15	/mnt/Data/FaceData/Villatel_cropped_center/BDS-001/1607398477727178.png
16	/mnt/Data/FaceData/Villatel_cropped_center/BDS-002/1607398408404286.png
16	/mnt/Data/FaceData/Villatel_cropped_center/BDS-002/1607398408458974.png
17	/mnt/Data/FaceData/Villatel_cropped_center/KHDA-001/1607398435373072.png
17	/mnt/Data/FaceData/Villatel_cropped_center/KHDA-001/1607398435985659.png
17	/mnt/Data/FaceData/Villatel_cropped_center/KHDA-001/1607398436139469.png
17	/mnt/Data/FaceData/Villatel_cropped_center/KHDA-001/1607398436295022.png
17	/mnt/Data/FaceData/Villatel_cropped_center/KHDA-001/1607398436398942.png
17	/mnt/Data/FaceData/Villatel_cropped_center/KHDA-001/1607398436500872.png
18	/mnt/Data/FaceData/Villatel_cropped_center/KHDA-002/1607398398099218.png
18	/mnt/Data/FaceData/Villatel_cropped_center/KHDA-002/1607398398152047.png
18	/mnt/Data/FaceData/Villatel_cropped_center/KHDA-002/1607398398254566.png
18	/mnt/Data/FaceData/Villatel_cropped_center/KHDA-002/1607398398403895.png
19	/mnt/Data/FaceData/Villatel_cropped_center/KHDA-003/1607398487985846.png
19	/mnt/Data/FaceData/Villatel_cropped_center/KHDA-003/1607398488237472.png
19	/mnt/Data/FaceData/Villatel_cropped_center/KHDA-003/1607398488439919.png
19	/mnt/Data/FaceData/Villatel_cropped_center/KHDA-003/1607398488492401.png
19	/mnt/Data/FaceData/Villatel_cropped_center/KHDA-003/1607398488796226.png
20	/mnt/Data/FaceData/Villatel_cropped_center/KHDA-004/1607398476407747.png
20	/mnt/Data/FaceData/Villatel_cropped_center/KHDA-004/1607398476620312.png
20	/mnt/Data/FaceData/Villatel_cropped_center/KHDA-004/1607398476669374.png
20	/mnt/Data/FaceData/Villatel_cropped_center/KHDA-004/1607398476720252.png
20	/mnt/Data/FaceData/Villatel_cropped_center/KHDA-004/1607398476770655.png
20	/mnt/Data/FaceData/Villatel_cropped_center/KHDA-004/1607398476821194.png
21	/mnt/Data/FaceData/Villatel_cropped_center/KHDA-005/1607398372809809.png
21	/mnt/Data/FaceData/Villatel_cropped_center/KHDA-005/1607398373156342.png
21	/mnt/Data/FaceData/Villatel_cropped_center/KHDA-005/1607398373248037.png
21	/mnt/Data/FaceData/Villatel_cropped_center/KHDA-005/1607398373528333.png
21	/mnt/Data/FaceData/Villatel_cropped_center/KHDA-005/1607398373615818.png
22	/mnt/Data/FaceData/Villatel_cropped_center/KHDA-006/1607398371513421.png
22	/mnt/Data/FaceData/Villatel_cropped_center/KHDA-006/1607398371622755.png
22	/mnt/Data/FaceData/Villatel_cropped_center/KHDA-006/1607398372060527.png
22	/mnt/Data/FaceData/Villatel_cropped_center/KHDA-006/1607398372278883.png
22	/mnt/Data/FaceData/Villatel_cropped_center/KHDA-006/1607398372606545.png
22	/mnt/Data/FaceData/Villatel_cropped_center/KHDA-006/1607398372716538.png
23	/mnt/Data/FaceData/Villatel_cropped_center/KHDA-007/1607398433742002.png
23	/mnt/Data/FaceData/Villatel_cropped_center/KHDA-007/1607398433858175.png
23	/mnt/Data/FaceData/Villatel_cropped_center/KHDA-007/1607398434882779.png
23	/mnt/Data/FaceData/Villatel_cropped_center/KHDA-007/1607398434996713.png
24	/mnt/Data/FaceData/Villatel_cropped_center/KT-001/1607398399490953.png
24	/mnt/Data/FaceData/Villatel_cropped_center/KT-001/1607398399587340.png
24	/mnt/Data/FaceData/Villatel_cropped_center/KT-001/1607398399848618.png
24	/mnt/Data/FaceData/Villatel_cropped_center/KT-001/1607398399945888.png
24	/mnt/Data/FaceData/Villatel_cropped_center/KT-001/1607398400144030.png
24	/mnt/Data/FaceData/Villatel_cropped_center/KT-001/1607398400589523.png
24	/mnt/Data/FaceData/Villatel_cropped_center/KT-001/1607398400638508.png
25	/mnt/Data/FaceData/Villatel_cropped_center/KT-002/1607398373658334.png
25	/mnt/Data/FaceData/Villatel_cropped_center/KT-002/1607398373700528.png
25	/mnt/Data/FaceData/Villatel_cropped_center/KT-002/1607398373743220.png
25	/mnt/Data/FaceData/Villatel_cropped_center/KT-002/1607398373873476.png
25	/mnt/Data/FaceData/Villatel_cropped_center/KT-002/1607398373915708.png
25	/mnt/Data/FaceData/Villatel_cropped_center/KT-002/1607398374000305.png
25	/mnt/Data/FaceData/Villatel_cropped_center/KT-002/1607398379666083.png
25	/mnt/Data/FaceData/Villatel_cropped_center/KT-002/1607398379754916.png
25	/mnt/Data/FaceData/Villatel_cropped_center/KT-002/1607398379797321.png
25	/mnt/Data/FaceData/Villatel_cropped_center/KT-002/1607398379882972.png
26	/mnt/Data/FaceData/Villatel_cropped_center/KT-003/1607398466122811.png
26	/mnt/Data/FaceData/Villatel_cropped_center/KT-003/1607398471797011.png
26	/mnt/Data/FaceData/Villatel_cropped_center/KT-003/1607398472000129.png
26	/mnt/Data/FaceData/Villatel_cropped_center/KT-003/1607398472254958.png
26	/mnt/Data/FaceData/Villatel_cropped_center/KT-003/1607398472352849.png
26	/mnt/Data/FaceData/Villatel_cropped_center/KT-003/1607398472402409.png
26	/mnt/Data/FaceData/Villatel_cropped_center/KT-003/1607398472451492.png
26	/mnt/Data/FaceData/Villatel_cropped_center/KT-003/1607398472552674.png
27	/mnt/Data/FaceData/Villatel_cropped_center/KT-004/1607398387499744.png
27	/mnt/Data/FaceData/Villatel_cropped_center/KT-004/1607398387724128.png
27	/mnt/Data/FaceData/Villatel_cropped_center/KT-004/1607398388064461.png
27	/mnt/Data/FaceData/Villatel_cropped_center/KT-004/1607398388401599.png
27	/mnt/Data/FaceData/Villatel_cropped_center/KT-004/1607398388514913.png
27	/mnt/Data/FaceData/Villatel_cropped_center/KT-004/1607398388741943.png
27	/mnt/Data/FaceData/Villatel_cropped_center/KT-004/1607398388855521.png
27	/mnt/Data/FaceData/Villatel_cropped_center/KT-004/1607398388969791.png
27	/mnt/Data/FaceData/Villatel_cropped_center/KT-004/1607398394893834.png
28	/mnt/Data/FaceData/Villatel_cropped_center/KT-005/1607398451890909.png
28	/mnt/Data/FaceData/Villatel_cropped_center/KT-005/1607398452118504.png
28	/mnt/Data/FaceData/Villatel_cropped_center/KT-005/1607398452343717.png
28	/mnt/Data/FaceData/Villatel_cropped_center/KT-005/1607398452454823.png
28	/mnt/Data/FaceData/Villatel_cropped_center/KT-005/1607398452687556.png
28	/mnt/Data/FaceData/Villatel_cropped_center/KT-005/1607398452800281.png
28	/mnt/Data/FaceData/Villatel_cropped_center/KT-005/1607398453027297.png
28	/mnt/Data/FaceData/Villatel_cropped_center/KT-005/1607398453251737.png
28	/mnt/Data/FaceData/Villatel_cropped_center/KT-005/1607398453365831.png
29	/mnt/Data/FaceData/Villatel_cropped_center/KT-006/1607398426249475.png
29	/mnt/Data/FaceData/Villatel_cropped_center/KT-006/1607398426463570.png
29	/mnt/Data/FaceData/Villatel_cropped_center/KT-006/1607398426514021.png
29	/mnt/Data/FaceData/Villatel_cropped_center/KT-006/1607398426562755.png
29	/mnt/Data/FaceData/Villatel_cropped_center/KT-006/1607398426612592.png
29	/mnt/Data/FaceData/Villatel_cropped_center/KT-006/1607398426663880.png
29	/mnt/Data/FaceData/Villatel_cropped_center/KT-006/1607398426713346.png
29	/mnt/Data/FaceData/Villatel_cropped_center/KT-006/1607398426980222.png
29	/mnt/Data/FaceData/Villatel_cropped_center/KT-006/1607398427078588.png
29	/mnt/Data/FaceData/Villatel_cropped_center/KT-006/1607398427328946.png
29	/mnt/Data/FaceData/Villatel_cropped_center/KT-006/1607398433155986.png
30	/mnt/Data/FaceData/Villatel_cropped_center/KT-007/1607398424178594.png
30	/mnt/Data/FaceData/Villatel_cropped_center/KT-007/1607398424535202.png
30	/mnt/Data/FaceData/Villatel_cropped_center/KT-007/1607398424585163.png
30	/mnt/Data/FaceData/Villatel_cropped_center/KT-007/1607398424637350.png
30	/mnt/Data/FaceData/Villatel_cropped_center/KT-007/1607398424689600.png
30	/mnt/Data/FaceData/Villatel_cropped_center/KT-007/1607398424742018.png
31	/mnt/Data/FaceData/Villatel_cropped_center/KT-008/1607398453415890.png
31	/mnt/Data/FaceData/Villatel_cropped_center/KT-008/1607398453565755.png
31	/mnt/Data/FaceData/Villatel_cropped_center/KT-008/1607398453713726.png
31	/mnt/Data/FaceData/Villatel_cropped_center/KT-008/1607398453764096.png
31	/mnt/Data/FaceData/Villatel_cropped_center/KT-008/1607398459527721.png
31	/mnt/Data/FaceData/Villatel_cropped_center/KT-008/1607398459582889.png
31	/mnt/Data/FaceData/Villatel_cropped_center/KT-008/1607398459688081.png
31	/mnt/Data/FaceData/Villatel_cropped_center/KT-008/1607398459884488.png
31	/mnt/Data/FaceData/Villatel_cropped_center/KT-008/1607398459934764.png
31	/mnt/Data/FaceData/Villatel_cropped_center/KT-008/1607398460036594.png
32	/mnt/Data/FaceData/Villatel_cropped_center/KT-009/1607398412200022.png
32	/mnt/Data/FaceData/Villatel_cropped_center/KT-009/1607398412249136.png
32	/mnt/Data/FaceData/Villatel_cropped_center/KT-009/1607398412500121.png
32	/mnt/Data/FaceData/Villatel_cropped_center/KT-009/1607398412600578.png
32	/mnt/Data/FaceData/Villatel_cropped_center/KT-009/1607398412653015.png
32	/mnt/Data/FaceData/Villatel_cropped_center/KT-009/1607398412703544.png
32	/mnt/Data/FaceData/Villatel_cropped_center/KT-009/1607398412753485.png
32	/mnt/Data/FaceData/Villatel_cropped_center/KT-009/1607398412955678.png
33	/mnt/Data/FaceData/Villatel_cropped_center/LT-001/1607398415099624.png
33	/mnt/Data/FaceData/Villatel_cropped_center/LT-001/1607398415583057.png
33	/mnt/Data/FaceData/Villatel_cropped_center/LT-001/1607398415633857.png
33	/mnt/Data/FaceData/Villatel_cropped_center/LT-001/1607398421262477.png
33	/mnt/Data/FaceData/Villatel_cropped_center/LT-001/1607398421313770.png
33	/mnt/Data/FaceData/Villatel_cropped_center/LT-001/1607398421438511.png
33	/mnt/Data/FaceData/Villatel_cropped_center/LT-001/1607398421555343.png
33	/mnt/Data/FaceData/Villatel_cropped_center/LT-001/1607398421605294.png
33	/mnt/Data/FaceData/Villatel_cropped_center/LT-001/1607398421887759.png
33	/mnt/Data/FaceData/Villatel_cropped_center/LT-001/1607398421939987.png
33	/mnt/Data/FaceData/Villatel_cropped_center/LT-001/1607398421990682.png
33	/mnt/Data/FaceData/Villatel_cropped_center/LT-001/1607398422103111.png
33	/mnt/Data/FaceData/Villatel_cropped_center/LT-001/1607398422338392.png
33	/mnt/Data/FaceData/Villatel_cropped_center/LT-001/1607398422501799.png
33	/mnt/Data/FaceData/Villatel_cropped_center/LT-001/1607398422815611.png
33	/mnt/Data/FaceData/Villatel_cropped_center/LT-001/1607398422929155.png
33	/mnt/Data/FaceData/Villatel_cropped_center/LT-001/1607398422979047.png
34	/mnt/Data/FaceData/Villatel_cropped_center/MT-001/1607398395465894.png
34	/mnt/Data/FaceData/Villatel_cropped_center/MT-001/1607398396362535.png
34	/mnt/Data/FaceData/Villatel_cropped_center/MT-001/1607398396696291.png
34	/mnt/Data/FaceData/Villatel_cropped_center/MT-001/1607398397184893.png
34	/mnt/Data/FaceData/Villatel_cropped_center/MT-001/1607398397297408.png
35	/mnt/Data/FaceData/Villatel_cropped_center/MT-002/1607398400803084.png
35	/mnt/Data/FaceData/Villatel_cropped_center/MT-002/1607398400918381.png
35	/mnt/Data/FaceData/Villatel_cropped_center/MT-002/1607398401030934.png
35	/mnt/Data/FaceData/Villatel_cropped_center/MT-002/1607398401145962.png
35	/mnt/Data/FaceData/Villatel_cropped_center/MT-002/1607398401605717.png
35	/mnt/Data/FaceData/Villatel_cropped_center/MT-002/1607398401635036.png
35	/mnt/Data/FaceData/Villatel_cropped_center/MT-002/1607398401863157.png
35	/mnt/Data/FaceData/Villatel_cropped_center/MT-002/1607398407736692.png
35	/mnt/Data/FaceData/Villatel_cropped_center/MT-002/1607398408323281.png
36	/mnt/Data/FaceData/Villatel_cropped_center/MT-003/1607398439251280.png
36	/mnt/Data/FaceData/Villatel_cropped_center/MT-003/1607398439557307.png
36	/mnt/Data/FaceData/Villatel_cropped_center/MT-003/1607398439672469.png
36	/mnt/Data/FaceData/Villatel_cropped_center/MT-003/1607398445668977.png
36	/mnt/Data/FaceData/Villatel_cropped_center/MT-003/1607398446133499.png
36	/mnt/Data/FaceData/Villatel_cropped_center/MT-003/1607398446717057.png
36	/mnt/Data/FaceData/Villatel_cropped_center/MT-003/1607398447284951.png
36	/mnt/Data/FaceData/Villatel_cropped_center/MT-003/1607398447399602.png
36	/mnt/Data/FaceData/Villatel_cropped_center/MT-003/1607398447513785.png
36	/mnt/Data/FaceData/Villatel_cropped_center/MT-003/1607398447627291.png
37	/mnt/Data/FaceData/Villatel_cropped_center/MT-004/1607398381167193.png
37	/mnt/Data/FaceData/Villatel_cropped_center/MT-004/1607398382021537.png
37	/mnt/Data/FaceData/Villatel_cropped_center/MT-004/1607398382231007.png
37	/mnt/Data/FaceData/Villatel_cropped_center/MT-004/1607398382335557.png
37	/mnt/Data/FaceData/Villatel_cropped_center/MT-004/1607398382439237.png
37	/mnt/Data/FaceData/Villatel_cropped_center/MT-004/1607398382646048.png
38	/mnt/Data/FaceData/Villatel_cropped_center/MT-005/1607398463259018.png
38	/mnt/Data/FaceData/Villatel_cropped_center/MT-005/1607398463358083.png
38	/mnt/Data/FaceData/Villatel_cropped_center/MT-005/1607398463460777.png
38	/mnt/Data/FaceData/Villatel_cropped_center/MT-005/1607398463667663.png
38	/mnt/Data/FaceData/Villatel_cropped_center/MT-005/1607398463824059.png
38	/mnt/Data/FaceData/Villatel_cropped_center/MT-005/1607398463872651.png
38	/mnt/Data/FaceData/Villatel_cropped_center/MT-005/1607398463925125.png
38	/mnt/Data/FaceData/Villatel_cropped_center/MT-005/1607398463976050.png
38	/mnt/Data/FaceData/Villatel_cropped_center/MT-005/1607398464030387.png
38	/mnt/Data/FaceData/Villatel_cropped_center/MT-005/1607398464130962.png
38	/mnt/Data/FaceData/Villatel_cropped_center/MT-005/1607398464233907.png
38	/mnt/Data/FaceData/Villatel_cropped_center/MT-005/1607398464334410.png
38	/mnt/Data/FaceData/Villatel_cropped_center/MT-005/1607398464442448.png
38	/mnt/Data/FaceData/Villatel_cropped_center/MT-005/1607398464541520.png
39	/mnt/Data/FaceData/Villatel_cropped_center/MT-006/1607398423483529.png
39	/mnt/Data/FaceData/Villatel_cropped_center/MT-006/1607398423711736.png
40	/mnt/Data/FaceData/Villatel_cropped_center/MT-007/1607398472714792.png
41	/mnt/Data/FaceData/Villatel_cropped_center/MT-008/1607398383053416.png
41	/mnt/Data/FaceData/Villatel_cropped_center/MT-008/1607398383161432.png
41	/mnt/Data/FaceData/Villatel_cropped_center/MT-008/1607398383220283.png
41	/mnt/Data/FaceData/Villatel_cropped_center/MT-008/1607398383881305.png
41	/mnt/Data/FaceData/Villatel_cropped_center/MT-008/1607398383914005.png
42	/mnt/Data/FaceData/Villatel_cropped_center/MT-009/1607398449914302.png
42	/mnt/Data/FaceData/Villatel_cropped_center/MT-009/1607398450034297.png
42	/mnt/Data/FaceData/Villatel_cropped_center/MT-009/1607398450152857.png
42	/mnt/Data/FaceData/Villatel_cropped_center/MT-009/1607398450494136.png
42	/mnt/Data/FaceData/Villatel_cropped_center/MT-009/1607398450721937.png
42	/mnt/Data/FaceData/Villatel_cropped_center/MT-009/1607398450839558.png
42	/mnt/Data/FaceData/Villatel_cropped_center/MT-009/1607398450954481.png
42	/mnt/Data/FaceData/Villatel_cropped_center/MT-009/1607398451067673.png
42	/mnt/Data/FaceData/Villatel_cropped_center/MT-009/1607398451182337.png
42	/mnt/Data/FaceData/Villatel_cropped_center/MT-009/1607398451773288.png
43	/mnt/Data/FaceData/Villatel_cropped_center/MT-011/1607398413121151.png
43	/mnt/Data/FaceData/Villatel_cropped_center/MT-011/1607398414871718.png
44	/mnt/Data/FaceData/Villatel_cropped_center/MT-013/1607398473275451.png
44	/mnt/Data/FaceData/Villatel_cropped_center/MT-013/1607398473641385.png
44	/mnt/Data/FaceData/Villatel_cropped_center/MT-013/1607398473755494.png
44	/mnt/Data/FaceData/Villatel_cropped_center/MT-013/1607398474451331.png
44	/mnt/Data/FaceData/Villatel_cropped_center/MT-013/1607398474477076.png
45	/mnt/Data/FaceData/Villatel_cropped_center/MT-014/1607398477888476.png
45	/mnt/Data/FaceData/Villatel_cropped_center/MT-014/1607398484041478.png
45	/mnt/Data/FaceData/Villatel_cropped_center/MT-014/1607398484158420.png
45	/mnt/Data/FaceData/Villatel_cropped_center/MT-014/1607398484273316.png
45	/mnt/Data/FaceData/Villatel_cropped_center/MT-014/1607398484498354.png
45	/mnt/Data/FaceData/Villatel_cropped_center/MT-014/1607398484953977.png
45	/mnt/Data/FaceData/Villatel_cropped_center/MT-014/1607398485068915.png
45	/mnt/Data/FaceData/Villatel_cropped_center/MT-014/1607398485183321.png
45	/mnt/Data/FaceData/Villatel_cropped_center/MT-014/1607398485408769.png
45	/mnt/Data/FaceData/Villatel_cropped_center/MT-014/1607398485970975.png
45	/mnt/Data/FaceData/Villatel_cropped_center/MT-014/1607398486308394.png
45	/mnt/Data/FaceData/Villatel_cropped_center/MT-014/1607398486761762.png
45	/mnt/Data/FaceData/Villatel_cropped_center/MT-014/1607398486990407.png
46	/mnt/Data/FaceData/Villatel_cropped_center/MT-015/1607398489033326.png
46	/mnt/Data/FaceData/Villatel_cropped_center/MT-015/1607398489492762.png
47	/mnt/Data/FaceData/Villatel_cropped_center/MT-016/1607398460561960.png
47	/mnt/Data/FaceData/Villatel_cropped_center/MT-016/1607398460910055.png
47	/mnt/Data/FaceData/Villatel_cropped_center/MT-016/1607398461251030.png
47	/mnt/Data/FaceData/Villatel_cropped_center/MT-016/1607398461365246.png
48	/mnt/Data/FaceData/Villatel_cropped_center/MT-017/1607398464889665.png
48	/mnt/Data/FaceData/Villatel_cropped_center/MT-017/1607398465345979.png
48	/mnt/Data/FaceData/Villatel_cropped_center/MT-017/1607398465685058.png
48	/mnt/Data/FaceData/Villatel_cropped_center/MT-017/1607398465797355.png
48	/mnt/Data/FaceData/Villatel_cropped_center/MT-017/1607398466024706.png
49	/mnt/Data/FaceData/Villatel_cropped_center/MT-019/20201216152708379629.png
49	/mnt/Data/FaceData/Villatel_cropped_center/MT-019/20201216152711106799.png
49	/mnt/Data/FaceData/Villatel_cropped_center/MT-019/20201216153734857354.png
49	/mnt/Data/FaceData/Villatel_cropped_center/MT-019/20201216153742769001.png
49	/mnt/Data/FaceData/Villatel_cropped_center/MT-019/20201216153745558024.png
49	/mnt/Data/FaceData/Villatel_cropped_center/MT-019/20201216154328111105.png
49	/mnt/Data/FaceData/Villatel_cropped_center/MT-019/20201216154346108514.png
49	/mnt/Data/FaceData/Villatel_cropped_center/MT-019/20201216154348773479.png
49	/mnt/Data/FaceData/Villatel_cropped_center/MT-019/20201216154351404356.png
